CopiedTimestamp,SourceFile,DestinationFile,FileSize,SourceFileSha1,DeferredCopy,CreatedOnUtc,ModifiedOnUtc,LastAccessedOnUtc,CopyDuration
2024-09-06 13:17:49.6627394,E:\Windows\System32\winevt\logs\Active Directory Web Services.evtx,D:\challengeeeeee\E\Windows\System32\winevt\logs\Active Directory Web Services.evtx,69632,72E90FCA143C3D1CB9A533506AE617F865C47AE4,False,2024-09-06 11:50:24.8892835,2024-09-06 13:01:17.9448605,2024-09-06 11:50:24.8892835,00:00:00.0102726
2024-09-06 13:17:49.7217807,E:\Windows\System32\winevt\logs\Application.evtx,D:\challengeeeeee\E\Windows\System32\winevt\logs\Application.evtx,1118208,3966658A5B1652DBC3B6D65D3FDAB6DCCE4265EB,False,2024-09-06 21:47:05.6144458,2024-09-06 13:00:52.9224166,2024-09-06 21:47:05.6144458,00:00:00.0059540
2024-09-06 13:17:49.7267404,E:\Windows\System32\winevt\logs\DFS Replication.evtx,D:\challengeeeeee\E\Windows\System32\winevt\logs\DFS Replication.evtx,69632,D74B31A13C366FCBEB07A28D894DA5E7A31E5392,False,2024-09-06 11:50:25.0140837,2024-09-06 13:01:18.1320609,2024-09-06 11:50:25.0140837,00:00:00.0020017
2024-09-06 13:17:49.7317197,E:\Windows\System32\winevt\logs\Directory Service.evtx,D:\challengeeeeee\E\Windows\System32\winevt\logs\Directory Service.evtx,69632,7BDE95AB2005E1A46E88444F2ECD2CCB2E9152EA,False,2024-09-06 11:50:25.0296837,2024-09-06 13:00:52.9224166,2024-09-06 11:50:25.0296837,00:00:00.0029909
2024-09-06 13:17:49.7427362,E:\Windows\System32\winevt\logs\DNS Server.evtx,D:\challengeeeeee\E\Windows\System32\winevt\logs\DNS Server.evtx,69632,384CA6EA0982BD2EBE0372A9338471B4500F71D5,False,2024-09-06 12:04:37.3367047,2024-09-06 13:01:23.2956699,2024-09-06 12:04:37.3367047,00:00:00.0058972
2024-09-06 13:17:49.7507148,E:\Windows\System32\winevt\logs\File Replication Service.evtx,D:\challengeeeeee\E\Windows\System32\winevt\logs\File Replication Service.evtx,69632,47B3EBC0D42088F806A4B637A83CF1A5544523BB,False,2024-09-06 12:05:09.6911615,2024-09-06 13:01:18.3192612,2024-09-06 12:05:09.6911615,00:00:00.0028128
2024-09-06 13:17:49.7560563,E:\Windows\System32\winevt\logs\HardwareEvents.evtx,D:\challengeeeeee\E\Windows\System32\winevt\logs\HardwareEvents.evtx,69632,F758E5A5DAB1D36F89BFEBA8036F3711982F0A11,False,2024-09-06 21:47:05.6144458,2024-09-06 21:49:18.0430784,2024-09-06 21:47:05.6144458,00:00:00.0029834
2024-09-06 13:17:49.7609913,E:\Windows\System32\winevt\logs\Internet Explorer.evtx,D:\challengeeeeee\E\Windows\System32\winevt\logs\Internet Explorer.evtx,69632,EAC28531864DC4D8292E8A56693C8E4570F20B68,False,2024-09-06 21:47:05.6144458,2024-09-06 21:49:18.0430784,2024-09-06 21:47:05.6144458,00:00:00.0028524
2024-09-06 13:17:49.7669340,E:\Windows\System32\winevt\logs\Key Management Service.evtx,D:\challengeeeeee\E\Windows\System32\winevt\logs\Key Management Service.evtx,69632,309BD81F84FBECE7F8619804CCC826C3177BC90E,False,2024-09-06 21:47:05.6144458,2024-09-06 21:49:18.0430784,2024-09-06 21:47:05.6144458,00:00:00.0029926
2024-09-06 13:17:49.7769078,E:\Windows\System32\winevt\logs\Microsoft-Windows-BitLocker-DrivePreparationTool%4Admin.evtx,D:\challengeeeeee\E\Windows\System32\winevt\logs\Microsoft-Windows-BitLocker-DrivePreparationTool%4Admin.evtx,69632,2EB19D00580F671483EF73C63DECEAA77298A86E,False,2024-09-06 12:23:35.4652895,2024-09-06 12:28:26.8114013,2024-09-06 12:23:35.4652895,00:00:00.0069815
2024-09-06 13:17:49.7848856,E:\Windows\System32\winevt\logs\Microsoft-Windows-BitLocker-DrivePreparationTool%4Operational.evtx,D:\challengeeeeee\E\Windows\System32\winevt\logs\Microsoft-Windows-BitLocker-DrivePreparationTool%4Operational.evtx,69632,9163BAF30441D79D131AD44E5DA357975A8DD59A,False,2024-09-06 12:23:35.4652895,2024-09-06 12:28:26.8114013,2024-09-06 12:23:35.4652895,00:00:00.0029920
2024-09-06 13:17:49.7898735,E:\Windows\System32\winevt\logs\Microsoft-Windows-Bits-Client%4Operational.evtx,D:\challengeeeeee\E\Windows\System32\winevt\logs\Microsoft-Windows-Bits-Client%4Operational.evtx,69632,FFBB61AA70545F5C426D35863CEFE893D8BAD608,False,2024-09-06 21:49:07.4506598,2024-09-06 13:00:30.2710171,2024-09-06 21:49:07.4506598,00:00:00.0029935
2024-09-06 13:17:49.7978516,E:\Windows\System32\winevt\logs\Microsoft-Windows-Dhcp-Client%4Admin.evtx,D:\challengeeeeee\E\Windows\System32\winevt\logs\Microsoft-Windows-Dhcp-Client%4Admin.evtx,69632,76EF27735961D94574EB9DF9D2CAC5BE03624B19,False,2024-09-06 21:47:06.2228469,2024-09-06 12:05:28.2395941,2024-09-06 21:47:06.2228469,00:00:00.0036566
2024-09-06 13:17:49.8025186,E:\Windows\System32\winevt\logs\Microsoft-Windows-Dhcpv6-Client%4Admin.evtx,D:\challengeeeeee\E\Windows\System32\winevt\logs\Microsoft-Windows-Dhcpv6-Client%4Admin.evtx,69632,3A68EE3F7ED4D83DFD5E1031BC2C78897C30E345,False,2024-09-06 21:47:06.2228469,2024-09-06 13:01:04.4664369,2024-09-06 21:47:06.2228469,00:00:00.0026731
2024-09-06 13:17:49.8187003,E:\Windows\System32\winevt\logs\Microsoft-Windows-Diagnosis-DPS%4Operational.evtx,D:\challengeeeeee\E\Windows\System32\winevt\logs\Microsoft-Windows-Diagnosis-DPS%4Operational.evtx,1052672,D45077D0DC69BB7A8BD2527E3C1CF8630E0BC327,False,2024-09-06 21:49:15.5314740,2024-09-06 13:00:30.2710171,2024-09-06 21:49:15.5314740,00:00:00.0049513
2024-09-06 13:17:49.8316658,E:\Windows\System32\winevt\logs\Microsoft-Windows-GroupPolicy%4Operational.evtx,D:\challengeeeeee\E\Windows\System32\winevt\logs\Microsoft-Windows-GroupPolicy%4Operational.evtx,1118208,A6CCC2D50E1B8885CE8598EAB5F5D500084938C2,False,2024-09-06 21:47:06.2228469,2024-09-06 13:00:53.4216175,2024-09-06 21:47:06.2228469,00:00:00.0059833
2024-09-06 13:17:49.8364422,E:\Windows\System32\winevt\logs\Microsoft-Windows-Iphlpsvc%4Operational.evtx,D:\challengeeeeee\E\Windows\System32\winevt\logs\Microsoft-Windows-Iphlpsvc%4Operational.evtx,69632,63FDE1C2AEFF45908D91BA7A8750C4D5C20D5EF6,False,2024-09-06 21:48:27.4521896,2024-09-06 21:49:18.0430784,2024-09-06 21:48:27.4521896,00:00:00.0024135
2024-09-06 13:17:49.8469459,E:\Windows\System32\winevt\logs\Microsoft-Windows-Kernel-Power%4Thermal-Operational.evtx,D:\challengeeeeee\E\Windows\System32\winevt\logs\Microsoft-Windows-Kernel-Power%4Thermal-Operational.evtx,69632,82C1D77423DE5D161FEE111E8FED00DC92AF43BF,False,2024-09-06 21:47:05.6144458,2024-09-06 21:49:18.0430784,2024-09-06 21:47:05.6144458,00:00:00.0049796
2024-09-06 13:17:49.8539238,E:\Windows\System32\winevt\logs\Microsoft-Windows-Kernel-StoreMgr%4Operational.evtx,D:\challengeeeeee\E\Windows\System32\winevt\logs\Microsoft-Windows-Kernel-StoreMgr%4Operational.evtx,69632,B8B33C75008D36950629DCE3CC6A11FB40F3AE27,False,2024-09-06 21:47:06.1760468,2024-09-06 21:49:18.0430784,2024-09-06 21:47:06.1760468,00:00:00.0030314
2024-09-06 13:17:49.8589105,E:\Windows\System32\winevt\logs\Microsoft-Windows-Kernel-WHEA%4Errors.evtx,D:\challengeeeeee\E\Windows\System32\winevt\logs\Microsoft-Windows-Kernel-WHEA%4Errors.evtx,69632,4D6EFC0284FB0F72E97A66A1464D52B080F4BDAD,False,2024-09-06 21:47:05.6300459,2024-09-06 21:49:18.0430784,2024-09-06 21:47:05.6300459,00:00:00.0029921
2024-09-06 13:17:49.8639094,E:\Windows\System32\winevt\logs\Microsoft-Windows-Kernel-WHEA%4Operational.evtx,D:\challengeeeeee\E\Windows\System32\winevt\logs\Microsoft-Windows-Kernel-WHEA%4Operational.evtx,69632,A9E4EFC95EF1CDA6648F10257F33C1CB0DCA10ED,False,2024-09-06 21:47:05.6300459,2024-09-06 13:00:52.9380166,2024-09-06 21:47:05.6300459,00:00:00.0019949
2024-09-06 13:17:49.8699055,E:\Windows\System32\winevt\logs\Microsoft-Windows-Known Folders API Service.evtx,D:\challengeeeeee\E\Windows\System32\winevt\logs\Microsoft-Windows-Known Folders API Service.evtx,69632,BDD3CDBAFF78521ABF7814FB255679DAA044FF69,False,2024-09-06 21:48:02.1021450,2024-09-06 12:05:28.2395941,2024-09-06 21:48:02.1021450,00:00:00.0021723
2024-09-06 13:17:49.8812083,E:\Windows\System32\winevt\logs\Microsoft-Windows-MUI%4Admin.evtx,D:\challengeeeeee\E\Windows\System32\winevt\logs\Microsoft-Windows-MUI%4Admin.evtx,69632,F4268D4079C67E9F56242F9ABBF40C690AD7BDFE,False,2024-09-06 11:49:45.4836143,2024-09-06 12:05:28.2395941,2024-09-06 11:49:45.4836143,00:00:00.0042158
2024-09-06 13:17:49.8881616,E:\Windows\System32\winevt\logs\Microsoft-Windows-MUI%4Operational.evtx,D:\challengeeeeee\E\Windows\System32\winevt\logs\Microsoft-Windows-MUI%4Operational.evtx,69632,22BC5C10ED749E3F8F4EC39589DFACDCAA6A30A1,False,2024-09-06 11:49:45.4836143,2024-09-06 12:05:28.2395941,2024-09-06 11:49:45.4836143,00:00:00.0030654
2024-09-06 13:17:49.8950694,E:\Windows\System32\winevt\logs\Microsoft-Windows-NCSI%4Operational.evtx,D:\challengeeeeee\E\Windows\System32\winevt\logs\Microsoft-Windows-NCSI%4Operational.evtx,69632,B82F00E2E0E3579E3AB09A7FB2EF2C4FA532C100,False,2024-09-06 21:47:07.3616489,2024-09-06 21:49:18.0430784,2024-09-06 21:47:07.3616489,00:00:00.0037670
2024-09-06 13:17:49.9008216,E:\Windows\System32\winevt\logs\Microsoft-Windows-NetworkAccessProtection%4Operational.evtx,D:\challengeeeeee\E\Windows\System32\winevt\logs\Microsoft-Windows-NetworkAccessProtection%4Operational.evtx,69632,B25E1DA68BF344B9B329C5779A4A008E5C1BE0A3,False,2024-09-06 11:49:56.5596337,2024-09-06 12:05:28.2395941,2024-09-06 11:49:56.5596337,00:00:00.0037574
2024-09-06 13:17:49.9090173,E:\Windows\System32\winevt\logs\Microsoft-Windows-NetworkAccessProtection%4WHC.evtx,D:\challengeeeeee\E\Windows\System32\winevt\logs\Microsoft-Windows-NetworkAccessProtection%4WHC.evtx,69632,DC75EE28619EF2F6900897BCAA9F83E315D7FC29,False,2024-09-06 11:51:56.6330446,2024-09-06 12:05:28.2395941,2024-09-06 11:51:56.6330446,00:00:00.0039900
2024-09-06 13:17:49.9156630,E:\Windows\System32\winevt\logs\Microsoft-Windows-NetworkProfile%4Operational.evtx,D:\challengeeeeee\E\Windows\System32\winevt\logs\Microsoft-Windows-NetworkProfile%4Operational.evtx,69632,34F8D7F4C40E16C72B3418A055467D30307C4906,False,2024-09-06 21:48:03.4593474,2024-09-06 13:00:52.9380166,2024-09-06 21:48:03.4593474,00:00:00.0033415
2024-09-06 13:17:49.9216841,E:\Windows\System32\winevt\logs\Microsoft-Windows-PrintService%4Admin.evtx,D:\challengeeeeee\E\Windows\System32\winevt\logs\Microsoft-Windows-PrintService%4Admin.evtx,69632,15E44F2FD15A9CA7021AA92708B64B3C1AB39180,False,2024-09-06 11:49:47.4492177,2024-09-06 12:05:28.2395941,2024-09-06 11:49:47.4492177,00:00:00.0029843
2024-09-06 13:17:49.9272283,E:\Windows\System32\winevt\logs\Microsoft-Windows-Resource-Exhaustion-Detector%4Operational.evtx,D:\challengeeeeee\E\Windows\System32\winevt\logs\Microsoft-Windows-Resource-Exhaustion-Detector%4Operational.evtx,69632,83940B869455A451E9144741466E2382D738094B,False,2024-09-06 11:51:45.4478250,2024-09-06 13:00:30.2710171,2024-09-06 11:51:45.4478250,00:00:00.0025884
2024-09-06 13:17:49.9316193,E:\Windows\System32\winevt\logs\Microsoft-Windows-ServerManager%4Operational.evtx,D:\challengeeeeee\E\Windows\System32\winevt\logs\Microsoft-Windows-ServerManager%4Operational.evtx,69632,9CC382BBDD347FFAFF0878374CE2F8278040D19A,False,2024-09-06 11:50:05.4516493,2024-09-06 12:05:28.2395941,2024-09-06 11:50:05.4516493,00:00:00.0019958
2024-09-06 13:17:49.9458722,E:\Windows\System32\winevt\logs\Microsoft-Windows-TaskScheduler%4Operational.evtx,D:\challengeeeeee\E\Windows\System32\winevt\logs\Microsoft-Windows-TaskScheduler%4Operational.evtx,1118208,FF77ADB76FBB8DC997C99153A10570927B84E6B6,False,2024-09-06 12:05:50.8068234,2024-09-06 13:00:53.3904174,2024-09-06 12:05:50.8068234,00:00:00.0069839
2024-09-06 13:17:49.9539755,E:\Windows\System32\winevt\logs\Microsoft-Windows-TerminalServices-LocalSessionManager%4Admin.evtx,D:\challengeeeeee\E\Windows\System32\winevt\logs\Microsoft-Windows-TerminalServices-LocalSessionManager%4Admin.evtx,69632,C286548D63B2F0DFBD854C946F8A51A04BC19C8C,False,2024-09-06 21:47:05.6300459,2024-09-06 21:49:18.0430784,2024-09-06 21:47:05.6300459,00:00:00.0041174
2024-09-06 13:17:49.9589269,E:\Windows\System32\winevt\logs\Microsoft-Windows-TerminalServices-LocalSessionManager%4Operational.evtx,D:\challengeeeeee\E\Windows\System32\winevt\logs\Microsoft-Windows-TerminalServices-LocalSessionManager%4Operational.evtx,69632,B02DDAE9F2076D372505953419677F501162BE18,False,2024-09-06 21:47:05.6300459,2024-09-06 13:00:30.2710171,2024-09-06 21:47:05.6300459,00:00:00.0019949
2024-09-06 13:17:49.9652366,E:\Windows\System32\winevt\logs\Microsoft-Windows-User Profile Service%4Operational.evtx,D:\challengeeeeee\E\Windows\System32\winevt\logs\Microsoft-Windows-User Profile Service%4Operational.evtx,69632,71F0BAFCE5E05BB07EE52869342CAE7B9C8028D2,False,2024-09-06 21:47:06.1292467,2024-09-06 13:00:30.2710171,2024-09-06 21:47:06.1292467,00:00:00.0029915
2024-09-06 13:17:49.9702232,E:\Windows\System32\winevt\logs\Microsoft-Windows-Windows Firewall With Advanced Security%4ConnectionSecurity.evtx,D:\challengeeeeee\E\Windows\System32\winevt\logs\Microsoft-Windows-Windows Firewall With Advanced Security%4ConnectionSecurity.evtx,69632,8324E58325F9DE1038B3935C9AF0BAAD4DA2F883,False,2024-09-06 21:47:15.4424631,2024-09-06 21:49:18.0430784,2024-09-06 21:47:15.4424631,00:00:00.0029920
2024-09-06 13:17:49.9831891,E:\Windows\System32\winevt\logs\Microsoft-Windows-Windows Firewall With Advanced Security%4Firewall.evtx,D:\challengeeeeee\E\Windows\System32\winevt\logs\Microsoft-Windows-Windows Firewall With Advanced Security%4Firewall.evtx,1052672,4C87A2F956A68177C2902A6C0048846039372A7F,False,2024-09-06 21:47:07.3616489,2024-09-06 13:00:52.9380166,2024-09-06 21:47:07.3616489,00:00:00.0059847
2024-09-06 13:17:49.9901969,E:\Windows\System32\winevt\logs\Microsoft-Windows-WindowsUpdateClient%4Operational.evtx,D:\challengeeeeee\E\Windows\System32\winevt\logs\Microsoft-Windows-WindowsUpdateClient%4Operational.evtx,69632,C770D999DFF526509F7ABB038791942F46D712AD,False,2024-09-06 11:50:38.2585070,2024-09-06 13:00:30.2710171,2024-09-06 11:50:38.2585070,00:00:00.0040145
2024-09-06 13:17:49.9951572,E:\Windows\System32\winevt\logs\Microsoft-Windows-Winlogon%4Operational.evtx,D:\challengeeeeee\E\Windows\System32\winevt\logs\Microsoft-Windows-Winlogon%4Operational.evtx,69632,6ECD9F05CF7892E3DEC9BA215CB5CF7A3783CDCB,False,2024-09-06 21:47:05.6300459,2024-09-06 21:49:18.0430784,2024-09-06 21:47:05.6300459,00:00:00.0029931
2024-09-06 13:17:50.0011404,E:\Windows\System32\winevt\logs\Microsoft-Windows-WinRM%4Operational.evtx,D:\challengeeeeee\E\Windows\System32\winevt\logs\Microsoft-Windows-WinRM%4Operational.evtx,69632,50C29C644997D0C670F7F4ADAF7A99D252BD1CDD,False,2024-09-06 21:47:05.6300459,2024-09-06 13:00:52.9224166,2024-09-06 21:47:05.6300459,00:00:00.0028394
2024-09-06 13:17:50.0345074,E:\Windows\System32\winevt\logs\Security.evtx,D:\challengeeeeee\E\Windows\System32\winevt\logs\Security.evtx,2166784,0781CC8679E92EDA93F6D066C724830BB16C6A7E,False,2024-09-06 21:47:05.6144458,2024-09-06 13:00:52.9224166,2024-09-06 21:47:05.6144458,00:00:00.0147010
2024-09-06 13:17:50.0398589,E:\Windows\System32\winevt\logs\Setup.evtx,D:\challengeeeeee\E\Windows\System32\winevt\logs\Setup.evtx,69632,EAE88548696D4AEEB0C873E66F73DA4B558830E3,False,2024-09-06 21:49:17.9182782,2024-09-06 12:28:26.8114013,2024-09-06 21:49:17.9182782,00:00:00.0020158
2024-09-06 13:17:50.0603656,E:\Windows\System32\winevt\logs\System.evtx,D:\challengeeeeee\E\Windows\System32\winevt\logs\System.evtx,1118208,2F92E3A6B5BE32DFF290BABBC5A1A98A956558B7,False,2024-09-06 21:47:05.5988458,2024-09-06 13:00:52.9068166,2024-09-06 21:47:05.5988458,00:00:00.0089808
2024-09-06 13:17:50.0644782,E:\Windows\System32\winevt\logs\Windows PowerShell.evtx,D:\challengeeeeee\E\Windows\System32\winevt\logs\Windows PowerShell.evtx,69632,A692656FB64D796209DFD318126AEA9587E290ED,False,2024-09-06 21:47:05.6144458,2024-09-06 21:49:18.0430784,2024-09-06 21:47:05.6144458,00:00:00.0030675
2024-09-06 13:17:50.0819694,E:\Windows\AppCompat\Programs\RecentFileCache.bcf,D:\challengeeeeee\E\Windows\AppCompat\Programs\RecentFileCache.bcf,8718,F268D431DE1B40DE09081F4F72B3C23BEE7429C3,False,2009-07-14 05:06:39.9098271,2024-09-06 12:31:03.4570529,2009-07-14 05:06:39.9098271,00:00:00.0099540
2024-09-06 13:17:50.1208670,E:\Users\Administrator\AppData\Roaming\Microsoft\Windows\Recent\BitLocker Recovery Key 1B408725-E730-47D5-9279-5A2AA99C226D.lnk,D:\challengeeeeee\E\Users\Administrator\AppData\Roaming\Microsoft\Windows\Recent\BitLocker Recovery Key 1B408725-E730-47D5-9279-5A2AA99C226D.lnk,751,44E4299ED291D3A0B1EE81A66C16AE5B9924C838,False,2024-09-06 12:25:56.6611375,2024-09-06 12:25:56.6611375,2024-09-06 12:25:56.6611375,00:00:00.0029924
2024-09-06 13:17:50.1438634,E:\Users\Administrator\AppData\Roaming\Microsoft\Windows\Recent\BitLocker Recovery Key 889FBB1E-6E5A-44A7-9039-1976B222A458.lnk,D:\challengeeeeee\E\Users\Administrator\AppData\Roaming\Microsoft\Windows\Recent\BitLocker Recovery Key 889FBB1E-6E5A-44A7-9039-1976B222A458.lnk,751,2D51A3CDC7D76E46A9E0BE75C8AE3A0CD7B68BB0,False,2024-09-06 13:00:10.9425831,2024-09-06 13:00:10.9425831,2024-09-06 13:00:10.9425831,00:00:00.0049876
2024-09-06 13:17:50.1668004,E:\Users\Administrator\AppData\Roaming\Microsoft\Windows\Recent\BitLocker Recovery Key A4514F0A-C9E2-4634-92BB-0BCA3B369944.lnk,D:\challengeeeeee\E\Users\Administrator\AppData\Roaming\Microsoft\Windows\Recent\BitLocker Recovery Key A4514F0A-C9E2-4634-92BB-0BCA3B369944.lnk,751,2A5AEF64EF30EE2113E1C9C47DD0DA4A06D0FE41,False,2024-09-06 12:42:59.6953571,2024-09-06 12:42:59.6953571,2024-09-06 12:42:59.6953571,00:00:00.0038463
2024-09-06 13:17:50.1859396,E:\Users\Administrator\AppData\Roaming\Microsoft\Windows\Recent\desktop.ini,D:\challengeeeeee\E\Users\Administrator\AppData\Roaming\Microsoft\Windows\Recent\desktop.ini,432,DABC2F24F4A4E90053743166E5C4175DCF2B2D2D,False,2024-09-06 11:56:23.0971126,2024-09-06 11:56:23.9239141,2024-09-06 11:56:23.0971126,00:00:00.0049919
2024-09-06 13:17:50.2038441,E:\Users\Administrator\AppData\Roaming\Microsoft\Windows\Recent\GPE.lnk,D:\challengeeeeee\E\Users\Administrator\AppData\Roaming\Microsoft\Windows\Recent\GPE.lnk,1451,31590D94AF377461072C5F3934CC7CFDBDA20EF8,False,2024-09-06 12:13:31.2572321,2024-09-06 12:13:31.2572321,2024-09-06 12:13:31.2572321,00:00:00.0029900
2024-09-06 13:17:50.2278579,E:\Users\Administrator\AppData\Roaming\Microsoft\Windows\Recent\Group Policy.lnk,D:\challengeeeeee\E\Users\Administrator\AppData\Roaming\Microsoft\Windows\Recent\Group Policy.lnk,1173,A2180F3306805EE3EC8A68F47F9D559A70376563,False,2024-09-06 12:13:31.2572321,2024-09-06 12:13:31.2572321,2024-09-06 12:13:31.2572321,00:00:00.0029921
2024-09-06 13:17:50.2508365,E:\Users\Administrator\AppData\Roaming\Microsoft\Windows\Recent\Groups (2).lnk,D:\challengeeeeee\E\Users\Administrator\AppData\Roaming\Microsoft\Windows\Recent\Groups (2).lnk,1375,14624B8DED613BAF7333B1F108B03128DB870125,False,2024-09-06 12:13:39.3848464,2024-09-06 12:13:39.3848464,2024-09-06 12:13:39.3848464,00:00:00.0049465
2024-09-06 13:17:50.2739514,E:\Users\Administrator\AppData\Roaming\Microsoft\Windows\Recent\Groups.lnk,D:\challengeeeeee\E\Users\Administrator\AppData\Roaming\Microsoft\Windows\Recent\Groups.lnk,1700,8556811A1A171B7A2880BE99F270664E3C0138B1,False,2024-09-06 12:13:39.3848464,2024-09-06 12:13:39.3848464,2024-09-06 12:13:39.3848464,00:00:00.0039302
2024-09-06 13:17:50.2948928,E:\Users\Administrator\AppData\Roaming\Microsoft\Windows\Recent\New Volume (E).lnk,D:\challengeeeeee\E\Users\Administrator\AppData\Roaming\Microsoft\Windows\Recent\New Volume (E).lnk,325,7B7D18B3BEA92C161DA865A3944E763C34A20870,False,2024-09-06 12:18:00.2329046,2024-09-06 12:21:06.5440318,2024-09-06 12:21:06.5440318,00:00:00.0020065
2024-09-06 13:17:50.3110272,E:\Users\Administrator\AppData\Roaming\Microsoft\Windows\Recent\New Volume (F).lnk,D:\challengeeeeee\E\Users\Administrator\AppData\Roaming\Microsoft\Windows\Recent\New Volume (F).lnk,325,3D4BF60812CCBD979830B551B3499F93FFB622F9,False,2024-09-06 12:52:51.0842105,2024-09-06 12:52:51.0842105,2024-09-06 12:52:51.0842105,00:00:00.0031692
2024-09-06 13:17:50.3338242,E:\Users\Administrator\AppData\Roaming\Microsoft\Windows\Recent\the flag.lnk,D:\challengeeeeee\E\Users\Administrator\AppData\Roaming\Microsoft\Windows\Recent\the flag.lnk,443,85573B8E2469F219B2B8662D0822E676A4A602E3,False,2024-09-06 12:18:00.2329046,2024-09-06 12:52:51.0842105,2024-09-06 12:52:51.0842105,00:00:00.0025707
2024-09-06 13:17:50.5360373,E:\Users\Administrator\AppData\Roaming\Microsoft\Windows\Recent\AutomaticDestinations\1b4dd67f29cb1962.automaticDestinations-ms,D:\challengeeeeee\E\Users\Administrator\AppData\Roaming\Microsoft\Windows\Recent\AutomaticDestinations\1b4dd67f29cb1962.automaticDestinations-ms,9728,FA2D6E269DA160288B6E19DB669D5F6CA0159B18,False,2024-09-06 11:56:24.4075149,2024-09-06 13:00:10.9420000,2024-09-06 11:56:24.4075149,00:00:00.0993505
2024-09-06 13:17:50.5703710,E:\Users\Administrator\AppData\Roaming\Microsoft\Windows\Recent\AutomaticDestinations\28c8b86deab549a1.automaticDestinations-ms,D:\challengeeeeee\E\Users\Administrator\AppData\Roaming\Microsoft\Windows\Recent\AutomaticDestinations\28c8b86deab549a1.automaticDestinations-ms,4096,8570325716B06E99277173323DD6798EB445B9B0,False,2024-09-06 12:13:39.3848464,2024-09-06 12:13:39.3840000,2024-09-06 12:13:39.3848464,00:00:00.0039910
2024-09-06 13:17:50.6241986,E:\Users\Administrator\AppData\Roaming\Microsoft\Windows\Recent\AutomaticDestinations\7e4dca80246863e3.automaticDestinations-ms,D:\challengeeeeee\E\Users\Administrator\AppData\Roaming\Microsoft\Windows\Recent\AutomaticDestinations\7e4dca80246863e3.automaticDestinations-ms,6656,C1D836FCD0688E21A25E7393A1418E3F7A79AE81,False,2024-09-06 12:15:43.2334639,2024-09-06 12:51:31.9600000,2024-09-06 12:15:43.2334639,00:00:00.0029019
2024-09-06 13:17:50.6915588,E:\Users\Administrator\AppData\Roaming\Microsoft\Windows\Recent\AutomaticDestinations\9b9cdc69c1c24e2b.automaticDestinations-ms,D:\challengeeeeee\E\Users\Administrator\AppData\Roaming\Microsoft\Windows\Recent\AutomaticDestinations\9b9cdc69c1c24e2b.automaticDestinations-ms,6656,AA192B32369EE551C5224D02A0202780F58E0DD5,False,2024-09-06 12:13:31.2572321,2024-09-06 12:52:51.0680000,2024-09-06 12:13:31.2572321,00:00:00.0039899
2024-09-06 13:17:50.7070432,E:\Users\Administrator\AppData\Roaming\Microsoft\Windows\Recent\CustomDestinations\1b4dd67f29cb1962.customDestinations-ms,D:\challengeeeeee\E\Users\Administrator\AppData\Roaming\Microsoft\Windows\Recent\CustomDestinations\1b4dd67f29cb1962.customDestinations-ms,24,9733D94607A3CBA277E567AF584510EDD9FEBF62,False,2024-09-06 11:56:24.4075149,2024-09-06 11:56:24.4075149,2024-09-06 11:56:24.4075149,00:00:00.0029918
2024-09-06 13:17:50.7161337,E:\Users\Administrator\AppData\Roaming\Microsoft\Windows\Recent\CustomDestinations\7e4dca80246863e3.customDestinations-ms,D:\challengeeeeee\E\Users\Administrator\AppData\Roaming\Microsoft\Windows\Recent\CustomDestinations\7e4dca80246863e3.customDestinations-ms,24,707C3647EEC303E0801EFDF2D4636B3D409F42B9,False,2024-09-06 11:56:24.4075149,2024-09-06 11:56:24.4075149,2024-09-06 11:56:24.4075149,00:00:00.0030308
2024-09-06 13:17:50.7547946,E:\Users\HP\AppData\Roaming\Microsoft\Windows\Recent\AutomaticDestinations\1b4dd67f29cb1962.automaticDestinations-ms,D:\challengeeeeee\E\Users\HP\AppData\Roaming\Microsoft\Windows\Recent\AutomaticDestinations\1b4dd67f29cb1962.automaticDestinations-ms,3072,4C111189D07FC30365B31F9D2691CDADC85C474B,False,2024-09-06 11:49:50.5536232,2024-09-06 11:49:50.5530000,2024-09-06 11:49:50.5536232,00:00:00.0029930
2024-09-06 13:17:50.7799875,E:\Users\HP\AppData\Roaming\Microsoft\Windows\Recent\AutomaticDestinations\7e4dca80246863e3.automaticDestinations-ms,D:\challengeeeeee\E\Users\HP\AppData\Roaming\Microsoft\Windows\Recent\AutomaticDestinations\7e4dca80246863e3.automaticDestinations-ms,3072,3C66F64DE883C82F33A5BA35C5DD607C3440754C,False,2024-09-06 11:52:26.8814977,2024-09-06 11:55:25.7350000,2024-09-06 11:52:26.8814977,00:00:00.0024942
2024-09-06 13:17:50.8090498,E:\Users\Administrator\AppData\Roaming\Microsoft\Windows\Start Menu\Programs\Internet Explorer (64-bit).lnk,D:\challengeeeeee\E\Users\Administrator\AppData\Roaming\Microsoft\Windows\Start Menu\Programs\Internet Explorer (64-bit).lnk,1409,F0FE4500D88B63BCA7870477C986B440024A9E69,False,2024-09-06 11:56:24.2671147,2024-09-06 11:56:24.2671147,2024-09-06 11:56:24.2671147,00:00:00.0039875
2024-09-06 13:17:50.8281059,E:\Users\Administrator\AppData\Roaming\Microsoft\Windows\Start Menu\Programs\Internet Explorer.lnk,D:\challengeeeeee\E\Users\Administrator\AppData\Roaming\Microsoft\Windows\Start Menu\Programs\Internet Explorer.lnk,1443,6ABA0E8F99CA51AB7E8C545D2B6E94BD70E2A290,False,2024-09-06 11:56:23.6275136,2024-09-06 11:56:24.2671147,2024-09-06 11:56:24.2671147,00:00:00.0039888
2024-09-06 13:17:50.8546526,E:\Users\HP\AppData\Roaming\Microsoft\Windows\Start Menu\Programs\Internet Explorer (64-bit).lnk,D:\challengeeeeee\E\Users\HP\AppData\Roaming\Microsoft\Windows\Start Menu\Programs\Internet Explorer (64-bit).lnk,1409,A59BE20046D7821090037DB944AFE467A2CF9EE9,False,2024-09-06 11:49:50.2728227,2024-09-06 11:49:50.2728227,2024-09-06 11:49:50.2728227,00:00:00.0037273
2024-09-06 13:17:50.8785883,E:\Users\HP\AppData\Roaming\Microsoft\Windows\Start Menu\Programs\Internet Explorer.lnk,D:\challengeeeeee\E\Users\HP\AppData\Roaming\Microsoft\Windows\Start Menu\Programs\Internet Explorer.lnk,1443,80350C9525B99C8A58F4B35801A79803C8465697,False,2024-09-06 11:49:49.4616212,2024-09-06 11:49:50.2728227,2024-09-06 11:49:50.2728227,00:00:00.0029511
2024-09-06 13:17:50.8862720,E:\Windows\System32\config\SAM.LOG,D:\challengeeeeee\E\Windows\System32\config\SAM.LOG,1024,8B55CD035BFC9CB7E65293B049A7A1FAFD9218BC,False,2009-07-14 06:38:21.5600000,2009-07-14 07:04:00.6237098,2009-07-14 07:04:00.5612126,00:00:00.0036434
2024-09-06 13:17:50.8927331,E:\Windows\System32\config\SAM.LOG1,D:\challengeeeeee\E\Windows\System32\config\SAM.LOG1,25600,800CF30B798924D6DE7F3F68B05A259A3176E113,False,2009-07-14 02:34:08.0883646,2024-09-06 13:00:30.1306168,2009-07-14 02:34:08.0883646,00:00:00.0020641
2024-09-06 13:17:50.8937257,E:\Windows\System32\config\SAM.LOG2,D:\challengeeeeee\E\Windows\System32\config\SAM.LOG2,0,DA39A3EE5E6B4B0D3255BFEF95601890AFD80709,False,2009-07-14 02:34:08.0883646,2009-07-14 02:34:08.0883646,2009-07-14 02:34:08.0883646,00:00:00
2024-09-06 13:17:50.8976810,E:\Windows\System32\config\SECURITY.LOG,D:\challengeeeeee\E\Windows\System32\config\SECURITY.LOG,1024,85F95D296B57054C1BF24389218B0C329B909CCF,False,2009-07-14 06:38:21.5287500,2009-07-14 07:04:00.4987154,2009-07-14 07:04:00.4674668,00:00:00.0017561
2024-09-06 13:17:50.9086517,E:\Windows\System32\config\SECURITY.LOG1,D:\challengeeeeee\E\Windows\System32\config\SECURITY.LOG1,29696,42457647796DE13D0D1A7FE6B47AB3F0B308A2B3,False,2009-07-14 02:34:08.0883646,2024-09-06 13:00:35.1850257,2009-07-14 02:34:08.0883646,00:00:00.0039904
2024-09-06 13:17:50.9147446,E:\Windows\System32\config\SOFTWARE.LOG,D:\challengeeeeee\E\Windows\System32\config\SOFTWARE.LOG,1024,920DA0379CB593F03E6583CF3020DA614F4591F4,False,2009-07-14 06:38:21.3256250,2009-07-14 07:04:02.2330127,2009-07-14 07:04:02.1861398,00:00:00.0024775
2024-09-06 13:17:50.9247187,E:\Windows\System32\config\SOFTWARE.LOG1,D:\challengeeeeee\E\Windows\System32\config\SOFTWARE.LOG1,262144,E3D7988AD08CC04189E047A43B887A2758459942,False,2009-07-14 02:34:08.0883646,2024-09-06 13:00:35.1850257,2009-07-14 02:34:08.0883646,00:00:00.0049875
2024-09-06 13:17:50.9287080,E:\Windows\System32\config\SYSTEM.LOG,D:\challengeeeeee\E\Windows\System32\config\SYSTEM.LOG,1024,8AA2D765CA7C61E4282B0BCF5C266CCF66342BAD,False,2009-07-14 06:38:18.5912500,2009-07-14 07:04:00.4205939,2009-07-14 07:04:00.4049696,00:00:00.0017367
2024-09-06 13:17:50.9387182,E:\Windows\System32\config\SYSTEM.LOG1,D:\challengeeeeee\E\Windows\System32\config\SYSTEM.LOG1,262144,AE180BFAE1AC56AFC61CDE26CC87FB090AEF1E54,False,2009-07-14 02:34:08.0883646,2024-09-06 13:01:35.5572915,2009-07-14 02:34:08.0883646,00:00:00.0059856
2024-09-06 13:17:50.9497001,E:\Windows\System32\config\SAM,D:\challengeeeeee\E\Windows\System32\config\SAM,262144,72B7EB2F7EED2120F21AFC591F843E8D2AD7B439,False,2009-07-14 02:34:08.0883646,2024-09-06 13:00:30.1306168,2024-09-06 13:00:35.1850257,00:00:00.0049977
2024-09-06 13:17:50.9576670,E:\Windows\System32\config\SECURITY,D:\challengeeeeee\E\Windows\System32\config\SECURITY,262144,8C54C8B7C27F571EC9269764386CDDC5DBAA27CE,False,2009-07-14 02:34:08.0883646,2024-09-06 13:00:35.1850257,2024-09-06 13:00:35.1850257,00:00:00.0039895
2024-09-06 13:17:51.4416936,E:\Windows\System32\config\SOFTWARE,D:\challengeeeeee\E\Windows\System32\config\SOFTWARE,30408704,D80FC2DC7A038FEE7367F4485FC65B9410AD9F4F,False,2009-07-14 02:34:08.0883646,2024-09-06 13:00:35.1850257,2024-09-06 13:00:35.1850257,00:00:00.2498801
2024-09-06 13:17:51.6388582,E:\Windows\System32\config\SYSTEM,D:\challengeeeeee\E\Windows\System32\config\SYSTEM,11010048,EE7F384D725971C3B4EE0A32E786E1C9D818227B,False,2009-07-14 02:34:08.0883646,2024-09-06 13:01:35.5572915,2024-09-06 13:00:35.1850257,00:00:00.1013568
2024-09-06 13:17:51.6508250,E:\Windows\System32\config\systemprofile\ntuser.dat,D:\challengeeeeee\E\Windows\System32\config\systemprofile\ntuser.dat,262144,B5AFDE34287C488CA83F3EB90E9C66D2406C869D,False,2009-07-14 05:41:50.0286430,2024-09-06 21:47:00.5444369,2024-09-06 21:47:00.5444369,00:00:00.0039902
2024-09-06 13:17:51.6589692,E:\Windows\System32\config\systemprofile\ntuser.dat.LOG,D:\challengeeeeee\E\Windows\System32\config\systemprofile\ntuser.dat.LOG,1024,E756126790CB231C9729B875566713FF2A040B31,False,2009-07-14 06:38:29.4818750,2009-07-14 06:38:30.0600000,2009-07-14 06:38:30.0443750,00:00:00.0039739
2024-09-06 13:17:51.6667907,E:\Windows\System32\config\systemprofile\ntuser.dat.LOG1,D:\challengeeeeee\E\Windows\System32\config\systemprofile\ntuser.dat.LOG1,9216,E4B2509E95A353D270FF9AC8EF67E9EB894B2C66,False,2009-07-14 05:41:50.0286430,2024-09-06 21:47:00.5444369,2009-07-14 05:41:50.0286430,00:00:00.0028456
2024-09-06 13:17:51.6897677,E:\Windows\ServiceProfiles\LocalService\NTUSER.DAT,D:\challengeeeeee\E\Windows\ServiceProfiles\LocalService\NTUSER.DAT,262144,5D9ACE7D7673B47174147C32A68E9F28FCE642A7,False,2009-07-14 04:49:35.3628648,2024-09-06 13:00:35.1850257,2024-09-06 13:00:35.1850257,00:00:00.0069935
2024-09-06 13:17:51.6989111,E:\Windows\ServiceProfiles\LocalService\NTUSER.DAT.LOG,D:\challengeeeeee\E\Windows\ServiceProfiles\LocalService\NTUSER.DAT.LOG,1024,6B42061B78C8647C1F416FCEE7F722380E8D59B8,False,2009-07-14 06:38:29.4193750,2009-07-14 06:38:29.9662500,2009-07-14 06:38:29.9662500,00:00:00.0040725
2024-09-06 13:17:51.7090014,E:\Windows\ServiceProfiles\LocalService\NTUSER.DAT.LOG1,D:\challengeeeeee\E\Windows\ServiceProfiles\LocalService\NTUSER.DAT.LOG1,115712,E63FCB95AB3B520676420B89FAE95A3736346DCD,False,2009-07-14 04:49:35.3628648,2024-09-06 13:00:35.1850257,2009-07-14 04:49:35.3628648,00:00:00.0052775
2024-09-06 13:17:51.7246016,E:\Windows\ServiceProfiles\NetworkService\NTUSER.DAT,D:\challengeeeeee\E\Windows\ServiceProfiles\NetworkService\NTUSER.DAT,262144,9EF2AAEDC449BE5B759F067B50B3112DBB0C7A4E,False,2009-07-14 04:49:35.0352642,2024-09-06 13:00:35.1850257,2024-09-06 13:00:35.1850257,00:00:00.0079803
2024-09-06 13:17:51.7325798,E:\Windows\ServiceProfiles\NetworkService\NTUSER.DAT.LOG,D:\challengeeeeee\E\Windows\ServiceProfiles\NetworkService\NTUSER.DAT.LOG,1024,52D0E9E5AEF24989D312731F3F0C418CDDCA0AC6,False,2009-07-14 06:38:29.4350000,2009-07-14 06:38:30.0287500,2009-07-14 06:38:29.9975000,00:00:00.0029947
2024-09-06 13:17:51.7435515,E:\Windows\ServiceProfiles\NetworkService\NTUSER.DAT.LOG1,D:\challengeeeeee\E\Windows\ServiceProfiles\NetworkService\NTUSER.DAT.LOG1,115712,88024871BEEA38E1C3BC7316108FA339B93800B0,False,2009-07-14 04:49:35.0508642,2024-09-06 13:00:35.1850257,2009-07-14 04:49:35.0508642,00:00:00.0059855
2024-09-06 13:17:51.7655314,E:\Users\Administrator\NTUSER.DAT,D:\challengeeeeee\E\Users\Administrator\NTUSER.DAT,524288,D866E2A8BB9680CFEA3467876FE5B116A6F349F2,False,2024-09-06 11:56:20.7103084,2024-09-06 13:00:29.3506154,2024-09-06 13:00:29.3506154,00:00:00.0110712
2024-09-06 13:17:51.7810383,E:\Users\Default\NTUSER.DAT,D:\challengeeeeee\E\Users\Default\NTUSER.DAT,262144,5F73D2290B6E64BA7471FBA179A3C586D91D31BB,False,2009-07-14 02:34:08.0727649,2024-09-06 21:47:00.5912370,2024-09-06 21:47:00.5912370,00:00:00.0049868
2024-09-06 13:17:51.7979917,E:\Users\HP\NTUSER.DAT,D:\challengeeeeee\E\Users\HP\NTUSER.DAT,524288,9C5AF200674BB445B2B0772FB2F3089727715971,False,2024-09-06 11:49:46.0296152,2024-09-06 11:55:33.8946262,2024-09-06 11:55:33.8946262,00:00:00.0089772
2024-09-06 13:17:51.8145765,E:\Users\Administrator\ntuser.dat.LOG1,D:\challengeeeeee\E\Users\Administrator\ntuser.dat.LOG1,262144,26FC2199CB8A4678777B7BC5FE7675662546883C,False,2024-09-06 11:56:20.7259085,2024-09-06 13:00:29.3506154,2024-09-06 11:56:20.7259085,00:00:00.0061051
2024-09-06 13:17:51.8195636,E:\Users\Default\NTUSER.DAT.LOG,D:\challengeeeeee\E\Users\Default\NTUSER.DAT.LOG,1024,9EDE91644A1CEF33AA43EFC434B8DA54D40F4405,False,2009-07-14 06:38:21.6381250,2009-07-14 07:04:00.9830687,2009-07-14 07:04:00.9518201,00:00:00.0019952
2024-09-06 13:17:51.8327000,E:\Users\Default\NTUSER.DAT.LOG1,D:\challengeeeeee\E\Users\Default\NTUSER.DAT.LOG1,95232,C1BC3B5CFAAE5E425BDCC0DFFCFD110EE9F95B28,False,2009-07-14 02:34:08.0727649,2024-09-06 21:47:00.5912370,2009-07-14 02:34:08.0727649,00:00:00.0068877
2024-09-06 13:17:51.8506504,E:\Users\HP\ntuser.dat.LOG1,D:\challengeeeeee\E\Users\HP\ntuser.dat.LOG1,262144,62D26142F94919F8440C8DEEC3178A68117B24C4,False,2024-09-06 11:49:46.0608153,2024-09-06 11:55:33.8946262,2024-09-06 11:49:46.0608153,00:00:00.0049873
2024-09-06 13:17:51.8618005,E:\Windows\System32\config\DEFAULT,D:\challengeeeeee\E\Windows\System32\config\DEFAULT,262144,342AA77DF78D8D9EF5E6DA3850F698B091AFE472,False,2009-07-14 02:34:08.0727649,2024-09-06 13:00:35.1850257,2024-09-06 13:00:35.1850257,00:00:00.0053705
2024-09-06 13:17:51.8687809,E:\Windows\System32\config\DEFAULT.LOG,D:\challengeeeeee\E\Windows\System32\config\DEFAULT.LOG,1024,5E828C38BF5D0E68BF6033F31B0ABFE1E6462C29,False,2009-07-14 06:38:21.6068750,2009-07-14 07:04:00.9049472,2009-07-14 07:04:00.7955771,00:00:00.0029908
2024-09-06 13:17:51.8787535,E:\Windows\System32\config\DEFAULT.LOG1,D:\challengeeeeee\E\Windows\System32\config\DEFAULT.LOG1,58368,EA6A63338DDE03CC6FEC380C1F5B6C702610D70F,False,2009-07-14 02:34:08.0727649,2024-09-06 13:00:35.1850257,2009-07-14 02:34:08.0727649,00:00:00.0040995
2024-09-06 13:17:51.8927156,E:\Users\Administrator\AppData\Local\Microsoft\Windows\UsrClass.dat,D:\challengeeeeee\E\Users\Administrator\AppData\Local\Microsoft\Windows\UsrClass.dat,262144,C3C32848B50200195F20A3C776E9F69722B7F2C9,False,2024-09-06 11:56:20.7571085,2024-09-06 13:00:29.3506154,2024-09-06 13:00:29.3506154,00:00:00.0047606
2024-09-06 13:17:51.9086740,E:\Users\HP\AppData\Local\Microsoft\Windows\UsrClass.dat,D:\challengeeeeee\E\Users\HP\AppData\Local\Microsoft\Windows\UsrClass.dat,262144,064C0A09F7B7B96AA0CC9B8DA4AE2BAE07225330,False,2024-09-06 11:49:46.1076154,2024-09-06 11:55:33.9102262,2024-09-06 11:55:33.9102262,00:00:00.0059846
2024-09-06 13:17:51.9176871,E:\Users\Administrator\AppData\Local\Microsoft\Windows\UsrClass.dat.LOG1,D:\challengeeeeee\E\Users\Administrator\AppData\Local\Microsoft\Windows\UsrClass.dat.LOG1,164864,7C3C067AF2AE693447C21A0DD51267FF602511F3,False,2024-09-06 11:56:20.7571085,2024-09-06 13:00:29.3506154,2024-09-06 11:56:20.7571085,00:00:00.0030297
2024-09-06 13:17:51.9246310,E:\Users\HP\AppData\Local\Microsoft\Windows\UsrClass.dat.LOG1,D:\challengeeeeee\E\Users\HP\AppData\Local\Microsoft\Windows\UsrClass.dat.LOG1,78848,09053D3C2C86842010A29343A65290C4ED5C8190,False,2024-09-06 11:49:46.1076154,2024-09-06 11:55:33.9102262,2024-09-06 11:49:46.1076154,00:00:00.0029672
2024-09-06 13:17:51.9495639,E:\Windows\System32\Tasks\Microsoft\Windows\Active Directory Rights Management Services Client\AD RMS Rights Policy Template Management (Automated),D:\challengeeeeee\E\Windows\System32\Tasks\Microsoft\Windows\Active Directory Rights Management Services Client\AD RMS Rights Policy Template Management (Automated),4472,3C08C0FC7A971F6846DD7DB2176253175CF846C5,False,2009-07-14 04:57:03.9348886,2009-07-14 04:57:04.0284888,2009-07-14 04:57:03.9348886,00:00:00.0029902
2024-09-06 13:17:51.9766241,E:\Windows\System32\Tasks\Microsoft\Windows\Active Directory Rights Management Services Client\AD RMS Rights Policy Template Management (Manual),D:\challengeeeeee\E\Windows\System32\Tasks\Microsoft\Windows\Active Directory Rights Management Services Client\AD RMS Rights Policy Template Management (Manual),3854,EBC9601FDFEB278A2AE124FCDC411EED9CAEA55F,False,2009-07-14 04:57:03.9348886,2009-07-14 04:57:04.0440888,2009-07-14 04:57:03.9348886,00:00:00.0069528
2024-09-06 13:17:52.0005611,E:\Windows\System32\Tasks\Microsoft\Windows\AppID\PolicyConverter,D:\challengeeeeee\E\Windows\System32\Tasks\Microsoft\Windows\AppID\PolicyConverter,2900,92732F3A980F744639C83269DAE6CA52ED799327,False,2009-07-14 04:58:07.7858008,2009-07-14 04:58:07.7858008,2009-07-14 04:58:07.7858008,00:00:00.0050967
2024-09-06 13:17:52.0260576,E:\Windows\System32\Tasks\Microsoft\Windows\AppID\VerifiedPublisherCertStoreCheck,D:\challengeeeeee\E\Windows\System32\Tasks\Microsoft\Windows\AppID\VerifiedPublisherCertStoreCheck,3790,95980C8225093829E26F72E81050B45295543053,False,2009-07-14 04:58:07.7858008,2009-07-14 04:58:07.7858008,2009-07-14 04:58:07.7858008,00:00:00.0039747
2024-09-06 13:17:52.0518070,E:\Windows\System32\Tasks\Microsoft\Windows\Application Experience\AitAgent,D:\challengeeeeee\E\Windows\System32\Tasks\Microsoft\Windows\Application Experience\AitAgent,3458,E7A920041B427D06B3C95B0D494D2A5504FFDDBF,False,2009-07-14 04:57:38.0209485,2009-07-14 04:57:38.0209485,2009-07-14 04:57:38.0209485,00:00:00.0022549
2024-09-06 13:17:52.0787594,E:\Windows\System32\Tasks\Microsoft\Windows\Application Experience\ProgramDataUpdater,D:\challengeeeeee\E\Windows\System32\Tasks\Microsoft\Windows\Application Experience\ProgramDataUpdater,3614,F8CD464665949FD803EA281917691DCB60FA79AF,False,2009-07-14 04:57:37.9429484,2009-07-14 04:57:37.9429484,2009-07-14 04:57:37.9429484,00:00:00.0039877
2024-09-06 13:17:52.1035922,E:\Windows\System32\Tasks\Microsoft\Windows\Autochk\Proxy,D:\challengeeeeee\E\Windows\System32\Tasks\Microsoft\Windows\Autochk\Proxy,3026,E48F568AA63036CC33F891C579EB5E6ED4DC833D,False,2009-07-14 04:53:31.7812800,2009-07-14 04:53:31.7812800,2009-07-14 04:53:31.7812800,00:00:00.0050635
2024-09-06 13:17:52.1248861,E:\Windows\System32\Tasks\Microsoft\Windows\CertificateServicesClient\SystemTask,D:\challengeeeeee\E\Windows\System32\Tasks\Microsoft\Windows\CertificateServicesClient\SystemTask,4130,9ED9D5C6E766DEE7E5D2F9E7433F3E28F833AC17,False,2009-07-14 04:56:56.8992763,2009-07-14 04:56:56.9928764,2009-07-14 04:56:56.8992763,00:00:00.0039891
2024-09-06 13:17:52.1481385,E:\Windows\System32\Tasks\Microsoft\Windows\CertificateServicesClient\UserTask,D:\challengeeeeee\E\Windows\System32\Tasks\Microsoft\Windows\CertificateServicesClient\UserTask,3868,6FF36778D1C72AE9DC998C3FE38561B1561955D1,False,2009-07-14 04:56:56.8992763,2009-07-14 04:56:56.9928764,2009-07-14 04:56:56.8992763,00:00:00.0039905
2024-09-06 13:17:52.1657124,E:\Windows\System32\Tasks\Microsoft\Windows\CertificateServicesClient\UserTask-Roam,D:\challengeeeeee\E\Windows\System32\Tasks\Microsoft\Windows\CertificateServicesClient\UserTask-Roam,3134,C3B003C9FA0992017B7B61E48E711C113C492939,False,2009-07-14 04:56:56.9148763,2009-07-14 05:06:48.5522423,2009-07-14 04:56:56.9148763,00:00:00.0029086
2024-09-06 13:17:52.1906401,E:\Windows\System32\Tasks\Microsoft\Windows\Customer Experience Improvement Program\Consolidator,D:\challengeeeeee\E\Windows\System32\Tasks\Microsoft\Windows\Customer Experience Improvement Program\Consolidator,2934,C85A559B6BDD2FA11E449F9C7B5A0A3EF3C084EC,False,2009-07-14 04:58:28.7834377,2009-07-14 04:58:28.7834377,2009-07-14 04:58:28.7834377,00:00:00.0029089
2024-09-06 13:17:52.2125796,E:\Windows\System32\Tasks\Microsoft\Windows\Customer Experience Improvement Program\KernelCeipTask,D:\challengeeeeee\E\Windows\System32\Tasks\Microsoft\Windows\Customer Experience Improvement Program\KernelCeipTask,3946,06E2EE61DAFCE388C9F0FFD86DF877BBC8768AB1,False,2009-07-14 04:57:07.9596957,2009-07-14 04:57:07.9596957,2009-07-14 04:57:07.9596957,00:00:00.0049869
2024-09-06 13:17:52.2340779,E:\Windows\System32\Tasks\Microsoft\Windows\Customer Experience Improvement Program\UsbCeip,D:\challengeeeeee\E\Windows\System32\Tasks\Microsoft\Windows\Customer Experience Improvement Program\UsbCeip,3598,AB5CA0E8B2BB11E9CF55276E5E8E82894CD69915,False,2009-07-14 04:57:40.1737523,2009-07-14 04:57:40.2361524,2009-07-14 04:57:40.1737523,00:00:00.0029551
2024-09-06 13:17:52.2609343,E:\Windows\System32\Tasks\Microsoft\Windows\Defrag\ScheduledDefrag,D:\challengeeeeee\E\Windows\System32\Tasks\Microsoft\Windows\Defrag\ScheduledDefrag,3888,90CD56EA190C5694842DF7746E6EEE4C3E5B3999,False,2009-07-14 04:58:27.8630360,2009-07-14 04:58:31.8722431,2009-07-14 04:58:27.8630360,00:00:00.0029924
2024-09-06 13:17:52.2847619,E:\Windows\System32\Tasks\Microsoft\Windows\MemoryDiagnostic\CorruptionDetector,D:\challengeeeeee\E\Windows\System32\Tasks\Microsoft\Windows\MemoryDiagnostic\CorruptionDetector,3304,4E76F61B3E9032627806DE483480935DF04DE758,False,2009-07-14 04:57:07.8816956,2009-07-14 04:57:07.8816956,2009-07-14 04:57:07.8816956,00:00:00.0027187
2024-09-06 13:17:52.3042982,E:\Windows\System32\Tasks\Microsoft\Windows\MemoryDiagnostic\DecompressionFailureDetector,D:\challengeeeeee\E\Windows\System32\Tasks\Microsoft\Windows\MemoryDiagnostic\DecompressionFailureDetector,3510,D751F85F299DCF13AEF9B9E43CB075A48835CE5D,False,2009-07-14 04:57:07.8816956,2009-07-14 04:57:07.8816956,2009-07-14 04:57:07.8816956,00:00:00.0029939
2024-09-06 13:17:52.3276423,E:\Windows\System32\Tasks\Microsoft\Windows\MUI\LPRemove,D:\challengeeeeee\E\Windows\System32\Tasks\Microsoft\Windows\MUI\LPRemove,3168,C068831E47945A9DB86A5F5337AD79B28BA682B5,False,2009-07-14 04:57:53.6989760,2009-07-14 04:57:53.6989760,2009-07-14 04:57:53.6989760,00:00:00.0030014
2024-09-06 13:17:52.3520607,E:\Windows\System32\Tasks\Microsoft\Windows\Multimedia\SystemSoundsService,D:\challengeeeeee\E\Windows\System32\Tasks\Microsoft\Windows\Multimedia\SystemSoundsService,2604,A0F648EAD2D8333D125822AAF0E8758822B40274,False,2009-07-14 04:58:27.2702350,2009-07-14 04:58:28.4402371,2009-07-14 04:58:27.2702350,00:00:00.0054675
2024-09-06 13:17:52.3730113,E:\Windows\System32\Tasks\Microsoft\Windows\NetTrace\GatherNetworkInfo,D:\challengeeeeee\E\Windows\System32\Tasks\Microsoft\Windows\NetTrace\GatherNetworkInfo,2044,A6F11C199C778D484D052E9C83348F571FFB8A93,False,2009-07-14 04:58:07.5050003,2009-07-14 04:58:07.5050003,2009-07-14 04:58:07.5050003,00:00:00.0036279
2024-09-06 13:17:52.3979108,E:\Windows\System32\Tasks\Microsoft\Windows\Power Efficiency Diagnostics\AnalyzeSystem,D:\challengeeeeee\E\Windows\System32\Tasks\Microsoft\Windows\Power Efficiency Diagnostics\AnalyzeSystem,3752,BD97DA8B5A00E3891958414A499FDE91980CCEA6,False,2009-07-14 04:57:18.9889151,2009-07-14 04:57:18.9889151,2009-07-14 04:57:18.9889151,00:00:00.0039872
2024-09-06 13:17:52.4197325,E:\Windows\System32\Tasks\Microsoft\Windows\RAC\RacTask,D:\challengeeeeee\E\Windows\System32\Tasks\Microsoft\Windows\RAC\RacTask,4374,73ECF0E3BC10865B9CC1ED2C24BC3AE4C9DC9EB0,False,2009-07-14 04:58:27.1922349,2009-07-14 04:58:28.5962373,2009-07-14 04:58:27.1922349,00:00:00.0040073
2024-09-06 13:17:52.4397203,E:\Windows\System32\Tasks\Microsoft\Windows\Ras\MobilityManager,D:\challengeeeeee\E\Windows\System32\Tasks\Microsoft\Windows\Ras\MobilityManager,3052,F57989D416FB045A2B17964802400DFE5D1E0865,False,2009-07-14 04:53:43.9805014,2009-07-14 04:53:43.9805014,2009-07-14 04:53:43.9805014,00:00:00.0040264
2024-09-06 13:17:52.4647017,E:\Windows\System32\Tasks\Microsoft\Windows\Registry\RegIdleBackup,D:\challengeeeeee\E\Windows\System32\Tasks\Microsoft\Windows\Registry\RegIdleBackup,3956,3EBB70E454A72D0A7CFB25D65212E063F02F598E,False,2009-07-14 04:58:05.9137975,2009-07-14 04:58:05.9137975,2009-07-14 04:58:05.9137975,00:00:00.0038105
2024-09-06 13:17:52.4898161,E:\Windows\System32\Tasks\Microsoft\Windows\Server Manager\ServerManager,D:\challengeeeeee\E\Windows\System32\Tasks\Microsoft\Windows\Server Manager\ServerManager,3642,3BF74BEC334B142BEED92831C2C3313984E5FB5F,False,2009-07-14 04:58:27.1142347,2009-07-14 04:58:27.1142347,2009-07-14 04:58:27.1142347,00:00:00.0039888
2024-09-06 13:17:52.5110621,E:\Windows\System32\Tasks\Microsoft\Windows\SoftwareProtectionPlatform\SvcRestartTask,D:\challengeeeeee\E\Windows\System32\Tasks\Microsoft\Windows\SoftwareProtectionPlatform\SvcRestartTask,3942,B5EE8E47ED84D5D844D3FDF652F31AF3B637555A,False,2009-07-14 04:53:26.2588703,2009-07-14 04:53:26.5708709,2009-07-14 04:53:26.2588703,00:00:00.0039511
2024-09-06 13:17:52.5336866,E:\Windows\System32\Tasks\Microsoft\Windows\Task Manager\Interactive,D:\challengeeeeee\E\Windows\System32\Tasks\Microsoft\Windows\Task Manager\Interactive,2614,8C83FF9B779E2FB43D6042598AF1885632BB47CA,False,2009-07-14 04:57:21.9373203,2009-07-14 04:57:22.1245206,2009-07-14 04:57:21.9373203,00:00:00.0030276
2024-09-06 13:17:52.5571446,E:\Windows\System32\Tasks\Microsoft\Windows\Tcpip\IpAddressConflict1,D:\challengeeeeee\E\Windows\System32\Tasks\Microsoft\Windows\Tcpip\IpAddressConflict1,3950,50E65F7F40FE051F9C69717997AD87467CFCEE47,False,2009-07-14 04:56:52.2504681,2009-07-14 04:56:56.1504750,2009-07-14 04:56:52.2504681,00:00:00.0049888
2024-09-06 13:17:52.5780429,E:\Windows\System32\Tasks\Microsoft\Windows\Tcpip\IpAddressConflict2,D:\challengeeeeee\E\Windows\System32\Tasks\Microsoft\Windows\Tcpip\IpAddressConflict2,4066,B4D8F772BF2BAF7076C7FE5F93FDD78CE5918C63,False,2009-07-14 04:56:52.2504681,2009-07-14 04:56:56.1504750,2009-07-14 04:56:52.2504681,00:00:00.0031371
2024-09-06 13:17:52.6029738,E:\Windows\System32\Tasks\Microsoft\Windows\TextServicesFramework\MsCtfMonitor,D:\challengeeeeee\E\Windows\System32\Tasks\Microsoft\Windows\TextServicesFramework\MsCtfMonitor,2978,DF91EBC5DD3FF17E342A9263E7FEA132855FD8F0,False,2009-07-14 04:57:18.0373134,2009-07-14 04:57:18.1153135,2009-07-14 04:57:18.0373134,00:00:00.0027580
2024-09-06 13:17:52.6227982,E:\Windows\System32\Tasks\Microsoft\Windows\Time Synchronization\SynchronizeTime,D:\challengeeeeee\E\Windows\System32\Tasks\Microsoft\Windows\Time Synchronization\SynchronizeTime,3388,CBA722DE48DA1DCB0588F5CEE227F5A6B355C19D,False,2009-07-14 04:53:56.8193240,2009-07-14 04:53:56.8349240,2009-07-14 04:53:56.8193240,00:00:00.0051405
2024-09-06 13:17:52.6443308,E:\Windows\System32\Tasks\Microsoft\Windows\UPnP\UPnPHostConfig,D:\challengeeeeee\E\Windows\System32\Tasks\Microsoft\Windows\UPnP\UPnPHostConfig,1730,C4D850C6F1F4BE8B17D04238344A4E61FA596795,False,2009-07-14 04:53:35.0416857,2009-07-14 04:53:35.1976860,2009-07-14 04:53:35.0416857,00:00:00.0040184
2024-09-06 13:17:52.6687575,E:\Windows\System32\Tasks\Microsoft\Windows\User Profile Service\HiveUploadTask,D:\challengeeeeee\E\Windows\System32\Tasks\Microsoft\Windows\User Profile Service\HiveUploadTask,3420,2143FF5EE006C5A45A421F70F9F15E184FA234F9,False,2009-07-14 04:57:10.9081009,2009-07-14 04:57:10.9081009,2009-07-14 04:57:10.9081009,00:00:00.0038938
2024-09-06 13:17:52.6970527,E:\Windows\System32\Tasks\Microsoft\Windows\WDI\ResolutionHost,D:\challengeeeeee\E\Windows\System32\Tasks\Microsoft\Windows\WDI\ResolutionHost,2682,E5B361D0BAEF2359E8DF683B550B339B3239DA20,False,2009-07-14 04:53:33.7156834,2009-07-14 04:53:33.7156834,2009-07-14 04:53:33.7156834,00:00:00.0064040
2024-09-06 13:17:52.7167515,E:\Windows\System32\Tasks\Microsoft\Windows\Windows Error Reporting\QueueReporting,D:\challengeeeeee\E\Windows\System32\Tasks\Microsoft\Windows\Windows Error Reporting\QueueReporting,3048,B4AC9C7561D8B44F985056B196955EFC34906D0C,False,2009-07-14 04:53:25.5880691,2009-07-14 04:53:25.7284694,2009-07-14 04:53:25.5880691,00:00:00.0034136
2024-09-06 13:17:52.7436788,E:\Windows\System32\Tasks\Microsoft\Windows\Windows Filtering Platform\BfeOnServiceStartTypeChange,D:\challengeeeeee\E\Windows\System32\Tasks\Microsoft\Windows\Windows Filtering Platform\BfeOnServiceStartTypeChange,3290,BDBEC5B209E9FB297983DB8F7C713D29E48B7798,False,2009-07-14 04:53:50.2361124,2009-07-14 04:53:50.3609127,2009-07-14 04:53:50.2361124,00:00:00.0026500
2024-09-06 13:17:52.7706072,E:\Windows\System32\Tasks\Microsoft\Windows\WindowsColorSystem\Calibration Loader,D:\challengeeeeee\E\Windows\System32\Tasks\Microsoft\Windows\WindowsColorSystem\Calibration Loader,3532,5153883EE76E5A6174FE131C5E1F5C7F36474596,False,2009-07-14 04:58:28.0502364,2009-07-14 05:06:48.5054422,2009-07-14 04:58:28.0502364,00:00:00.0030456
2024-09-06 13:17:52.7926356,E:\Windows\System32\Tasks\Microsoft\Windows\Customer Experience Improvement Program\Server\ServerCeipAssistant,D:\challengeeeeee\E\Windows\System32\Tasks\Microsoft\Windows\Customer Experience Improvement Program\Server\ServerCeipAssistant,3606,05291C9F3150CCFA89D9E3EB6D55EC155DE7C873,False,2009-07-14 04:58:31.5290425,2009-07-14 04:58:31.5290425,2009-07-14 04:58:31.5290425,00:00:00.0049913
2024-09-06 13:17:52.8139178,E:\Windows\System32\Tasks\Microsoft\Windows\Customer Experience Improvement Program\Server\ServerRoleCollector,D:\challengeeeeee\E\Windows\System32\Tasks\Microsoft\Windows\Customer Experience Improvement Program\Server\ServerRoleCollector,3158,56CF2374BA5018064F2DC08F0F614FB33DBE600C,False,2009-07-14 04:58:31.7630429,2009-07-14 04:58:31.7630429,2009-07-14 04:58:31.7630429,00:00:00.0028755
2024-09-06 13:17:52.8397878,E:\Windows\System32\Tasks\Microsoft\Windows\Customer Experience Improvement Program\Server\ServerRoleCollector-RunOnce,D:\challengeeeeee\E\Windows\System32\Tasks\Microsoft\Windows\Customer Experience Improvement Program\Server\ServerRoleCollector-RunOnce,3982,C070E4A30D57C67C1F2143A9CF6C09E67EB3E24B,False,2009-07-14 04:58:31.7786429,2009-07-14 04:58:31.7786429,2009-07-14 04:58:31.7786429,00:00:00.0040522
2024-09-06 13:17:52.8602565,E:\Windows\System32\Tasks\Microsoft\Windows\Customer Experience Improvement Program\Server\ServerRoleUsageCollector,D:\challengeeeeee\E\Windows\System32\Tasks\Microsoft\Windows\Customer Experience Improvement Program\Server\ServerRoleUsageCollector,3968,D46A78E8E3AB3E6FAF0DFD4FDEC00ACC694DEFAF,False,2009-07-14 04:58:31.5446425,2009-07-14 04:58:31.5446425,2009-07-14 04:58:31.5446425,00:00:00.0054989
2024-09-06 13:17:52.8762160,E:\Users\Administrator\AppData\Local\Microsoft\Windows\Explorer\thumbcache_1024.db,D:\challengeeeeee\E\Users\Administrator\AppData\Local\Microsoft\Windows\Explorer\thumbcache_1024.db,24,7143C103E1D52C99EEAA3B11BEB9F02D2C50CA3D,False,2024-09-06 12:13:03.4423833,2024-09-06 12:13:03.4423833,2024-09-06 12:13:03.4423833,00:00:00.0029921
2024-09-06 13:17:52.8847557,E:\Users\Administrator\AppData\Local\Microsoft\Windows\Explorer\thumbcache_256.db,D:\challengeeeeee\E\Users\Administrator\AppData\Local\Microsoft\Windows\Explorer\thumbcache_256.db,24,31A7984CD78857EA28C0B4D535490EC0B03C5B1A,False,2024-09-06 12:13:03.4423833,2024-09-06 12:13:03.4423833,2024-09-06 12:13:03.4423833,00:00:00.0029933
2024-09-06 13:17:52.8997433,E:\Users\Administrator\AppData\Local\Microsoft\Windows\Explorer\thumbcache_32.db,D:\challengeeeeee\E\Users\Administrator\AppData\Local\Microsoft\Windows\Explorer\thumbcache_32.db,24,BB2665EE5CD1821D48CCA1CB07CDFDE9ED6081A6,False,2024-09-06 12:13:03.4423833,2024-09-06 12:13:03.4423833,2024-09-06 12:13:03.4423833,00:00:00.0039863
2024-09-06 13:17:52.9096947,E:\Users\Administrator\AppData\Local\Microsoft\Windows\Explorer\thumbcache_96.db,D:\challengeeeeee\E\Users\Administrator\AppData\Local\Microsoft\Windows\Explorer\thumbcache_96.db,24,4B71D8970E657835EBCEEE5EC79FAEA2C1422FBE,False,2024-09-06 12:13:03.4423833,2024-09-06 12:13:03.4423833,2024-09-06 12:13:03.4423833,00:00:00.0019603
2024-09-06 13:17:52.9196684,E:\Users\Administrator\AppData\Local\Microsoft\Windows\Explorer\thumbcache_idx.db,D:\challengeeeeee\E\Users\Administrator\AppData\Local\Microsoft\Windows\Explorer\thumbcache_idx.db,3256,2984D9A292290213A7598863BF9619D0915A7079,False,2024-09-06 12:13:03.4423833,2024-09-06 12:13:03.4423833,2024-09-06 12:13:03.4423833,00:00:00.0029923
2024-09-06 13:17:52.9336324,E:\Users\Administrator\AppData\Local\Microsoft\Windows\Explorer\thumbcache_sr.db,D:\challengeeeeee\E\Users\Administrator\AppData\Local\Microsoft\Windows\Explorer\thumbcache_sr.db,24,CE19B1A236F95307067D4979F8DD96C70D69C18A,False,2024-09-06 12:13:03.4423833,2024-09-06 12:13:03.4423833,2024-09-06 12:13:03.4423833,00:00:00.0038824
2024-09-06 13:17:53.0756495,E:\Windows\inf\setupapi.dev.log,D:\challengeeeeee\E\Windows\inf\setupapi.dev.log,3710315,7123F837F85F784893204115483BBA1B07F59C9A,False,2024-09-06 21:47:06.4724473,2024-09-06 12:58:49.5728402,2024-09-06 21:47:06.4724473,00:00:00.0469459
2024-09-06 13:17:53.0896131,E:\Users\Administrator\AppData\Roaming\Microsoft\Protect\S-1-5-21-3365028611-2209629140-157115649-500\BK-D,D:\challengeeeeee\E\Users\Administrator\AppData\Roaming\Microsoft\Protect\S-1-5-21-3365028611-2209629140-157115649-500\BK-D,872,88452E69A36814D4532C8F32E41DA7704FBF94BB,False,2024-09-06 12:06:56.6389390,2024-09-06 12:06:56.6389390,2024-09-06 12:06:56.6389390,00:00:00.0038135
2024-09-06 13:17:53.0996336,E:\Users\Administrator\AppData\Roaming\Microsoft\Protect\S-1-5-21-3365028611-2209629140-157115649-500\da96c535-4be4-4ea6-a8ca-3a449b82c7bf,D:\challengeeeeee\E\Users\Administrator\AppData\Roaming\Microsoft\Protect\S-1-5-21-3365028611-2209629140-157115649-500\da96c535-4be4-4ea6-a8ca-3a449b82c7bf,740,252A48EEE7683E140F99FF1E60AA0E5659B3BC04,False,2024-09-06 12:06:56.6389390,2024-09-06 12:06:56.6389390,2024-09-06 12:06:56.6389390,00:00:00.0033330
2024-09-06 13:17:53.1149044,E:\Users\Administrator\AppData\Roaming\Microsoft\Protect\S-1-5-21-3365028611-2209629140-157115649-500\Preferred,D:\challengeeeeee\E\Users\Administrator\AppData\Roaming\Microsoft\Protect\S-1-5-21-3365028611-2209629140-157115649-500\Preferred,24,E680793472FD695514A848BE1F1691B6F47C3BF1,False,2024-09-06 12:06:56.6857391,2024-09-06 12:06:56.6857391,2024-09-06 12:06:56.6857391,00:00:00.0028267
2024-09-06 13:17:53.1470138,E:\Windows\System32\WDI\LogFiles\WdiContextLog.etl.001,D:\challengeeeeee\E\Windows\System32\WDI\LogFiles\WdiContextLog.etl.001,278528,47E1CA6BA257B6373B4CFDF1891A88FC44420572,False,2009-07-14 04:53:36.7420887,2024-09-06 13:00:35.3722260,2009-07-14 04:53:36.7420887,00:00:00.0169165
2024-09-06 13:17:53.1756513,E:\Windows\System32\WDI\LogFiles\WdiContextLog.etl.002,D:\challengeeeeee\E\Windows\System32\WDI\LogFiles\WdiContextLog.etl.002,0,7355AE550491823E937E7204A2EE373663A05A5A,False,2009-07-14 05:06:06.5260229,2024-09-06 13:00:51.4560140,2009-07-14 05:06:06.5260229,00:00:00.0153188
2024-09-06 13:17:53.2018794,E:\Windows\System32\WDI\LogFiles\WdiContextLog.etl.003,D:\challengeeeeee\E\Windows\System32\WDI\LogFiles\WdiContextLog.etl.003,0,334CE0277A6755F9B0AC3F7567EB105B83D3C0D1,False,2024-09-06 21:46:59.4680350,2024-09-06 12:43:51.3624138,2024-09-06 21:46:59.4680350,00:00:00.0112128
2024-09-06 13:17:53.2183795,E:\Windows\System32\LogFiles\WMI\Terminal-Services-Core.etl,D:\challengeeeeee\E\Windows\System32\LogFiles\WMI\Terminal-Services-Core.etl,6144,EA69CB6353AEE4D8C9242A06E66DAF941FF9BD1C,False,2009-07-14 04:49:35.3628648,2009-07-14 05:12:41.1908616,2009-07-14 04:49:35.3628648,00:00:00.0030249
2024-09-06 13:17:53.2299242,E:\Windows\System32\LogFiles\WMI\Terminal-Services-IP-Virtualization.etl,D:\challengeeeeee\E\Windows\System32\LogFiles\WMI\Terminal-Services-IP-Virtualization.etl,3072,624450D26F842E6F23B490330FCA864D8C8D6071,False,2009-07-14 04:49:35.4096649,2009-07-14 05:12:40.9568612,2009-07-14 04:49:35.4096649,00:00:00.0023286
2024-09-06 13:17:53.2523441,E:\Windows\System32\LogFiles\WMI\Terminal-Services-RPC-Client.etl,D:\challengeeeeee\E\Windows\System32\LogFiles\WMI\Terminal-Services-RPC-Client.etl,18432,A8AE4C11A8BEA3B110E96865DB35D0ABA72CB5AB,False,2009-07-14 04:49:35.3784648,2009-07-14 05:12:41.1128615,2009-07-14 04:49:35.3784648,00:00:00.0105196
2024-09-06 13:17:53.2658217,E:\Windows\System32\LogFiles\WMI\Terminal-Services-Unified-APIs.etl,D:\challengeeeeee\E\Windows\System32\LogFiles\WMI\Terminal-Services-Unified-APIs.etl,3072,3347A3EF86D303E77AB4B73D3C6DBDEBDDDA556A,False,2009-07-14 04:49:35.3940648,2009-07-14 05:12:41.0192613,2009-07-14 04:49:35.3940648,00:00:00.0039910
2024-09-06 13:17:53.2967375,E:\Windows\System32\LogFiles\WMI\RtBackup\EtwRTDiagLog.etl,D:\challengeeeeee\E\Windows\System32\LogFiles\WMI\RtBackup\EtwRTDiagLog.etl,0,9C5FDDB36FB68C2154DA044603CBC1CF6B408A54,False,2024-09-06 13:00:51.4560140,2024-09-06 13:00:51.4560140,2024-09-06 13:00:51.4560140,00:00:00.0119672
2024-09-06 13:17:53.3077085,E:\Windows\System32\LogFiles\WMI\RtBackup\EtwRTEventLog-Application.etl,D:\challengeeeeee\E\Windows\System32\LogFiles\WMI\RtBackup\EtwRTEventLog-Application.etl,72,044A0CB74D4A20F3300E20208CAF4D13DD35A38E,False,2009-07-14 04:49:20.4336386,2024-09-06 13:00:52.9068166,2009-07-14 04:49:20.4336386,00:00:00.0049705
2024-09-06 13:17:53.3228320,E:\Windows\System32\LogFiles\WMI\RtBackup\EtwRTEventLog-System.etl,D:\challengeeeeee\E\Windows\System32\LogFiles\WMI\RtBackup\EtwRTEventLog-System.etl,72,B9EC790CCB44170193468FC218A21790646FE07E,False,2009-07-14 04:49:20.4492386,2024-09-06 13:00:52.9068166,2009-07-14 04:49:20.4492386,00:00:00.0025410
2024-09-06 13:17:53.3258221,E:\Windows\System32\LogFiles\WMI\RtBackup\EtwRTUBPM.etl,D:\challengeeeeee\E\Windows\System32\LogFiles\WMI\RtBackup\EtwRTUBPM.etl,72,0D0E47938F6E00166E7352732DDFB7C610F44DB2,False,2024-09-06 13:00:51.4560140,2024-09-06 13:01:32.4060859,2024-09-06 13:00:51.4560140,00:00:00.0009973
2024-09-06 13:17:53.4330570,E:\Windows\System32\wbem\Repository\INDEX.BTR,D:\challengeeeeee\E\Windows\System32\wbem\Repository\INDEX.BTR,4603904,C143CBA7159F6927EC9098A5BB8E7ACFE2A01A52,False,2009-07-14 02:34:08.8059508,2024-09-06 12:58:34.0196129,2009-07-14 02:34:08.8059508,00:00:00.0452361
2024-09-06 13:17:53.4522456,E:\Windows\System32\wbem\Repository\MAPPING1.MAP,D:\challengeeeeee\E\Windows\System32\wbem\Repository\MAPPING1.MAP,52520,E9CB9C0C83095383037553B9B938F48C57C74B1B,False,2009-07-14 02:34:08.8059508,2024-09-06 13:00:30.4114173,2009-07-14 02:34:08.8059508,00:00:00.0122072
2024-09-06 13:17:53.4718514,E:\Windows\System32\wbem\Repository\MAPPING2.MAP,D:\challengeeeeee\E\Windows\System32\wbem\Repository\MAPPING2.MAP,52520,4007B5EA81F3D118493952B81F855957F880C6B0,False,2009-07-14 02:34:08.8059508,2024-09-06 12:52:34.0177806,2009-07-14 02:34:08.8059508,00:00:00.0094859
2024-09-06 13:17:53.4929820,E:\Windows\System32\wbem\Repository\MAPPING3.MAP,D:\challengeeeeee\E\Windows\System32\wbem\Repository\MAPPING3.MAP,52520,569B793C9C37C7BB269542A60F3191C2B700F4F5,False,2009-07-14 02:34:08.8059508,2024-09-06 12:57:34.0219075,2009-07-14 02:34:08.8059508,00:00:00.0087732
2024-09-06 13:17:53.7754163,E:\Windows\System32\wbem\Repository\OBJECTS.DATA,D:\challengeeeeee\E\Windows\System32\wbem\Repository\OBJECTS.DATA,15687680,E50095F6B025091522CFEBF753B967164EF9EC9A,False,2009-07-14 02:34:08.8059508,2024-09-06 12:58:34.0196129,2009-07-14 02:34:08.8059508,00:00:00.1397195
2024-09-06 13:17:53.8048988,E:\Users\Administrator\AppData\Local\Microsoft\Internet Explorer\brndlog.bak,D:\challengeeeeee\E\Users\Administrator\AppData\Local\Microsoft\Internet Explorer\brndlog.bak,12201,B13C207AF41A37A17D05CA7A922C2FA707996800,False,2024-09-06 11:56:24.2827147,2024-09-06 11:56:23.7367138,2024-09-06 11:56:24.2827147,00:00:00.0125308
2024-09-06 13:17:53.8308302,E:\Users\Administrator\AppData\Local\Microsoft\Internet Explorer\brndlog.txt,D:\challengeeeeee\E\Users\Administrator\AppData\Local\Microsoft\Internet Explorer\brndlog.txt,12201,747F51CF2F0540A76540C37CF59C17B33D1C2954,False,2024-09-06 11:56:23.6431136,2024-09-06 11:56:24.3139148,2024-09-06 11:56:23.6431136,00:00:00.0178649
2024-09-06 13:17:53.8458254,E:\Users\Administrator\AppData\Local\Microsoft\Internet Explorer\frameiconcache.dat,D:\challengeeeeee\E\Users\Administrator\AppData\Local\Microsoft\Internet Explorer\frameiconcache.dat,9454,B49B4B92D3DDA5A2D7629748D04137A8DE6E306E,False,2024-09-06 12:13:56.5604766,2024-09-06 12:13:56.5604766,2024-09-06 12:13:56.5604766,00:00:00.0070180
2024-09-06 13:17:53.8676996,E:\Users\Administrator\AppData\Local\Microsoft\Internet Explorer\MSIMGSIZ.DAT,D:\challengeeeeee\E\Users\Administrator\AppData\Local\Microsoft\Internet Explorer\MSIMGSIZ.DAT,16384,80590FB457D2C31D554A2D7D824C50E3DB5EB989,False,2024-09-06 12:07:52.6430374,2024-09-06 12:07:52.6430374,2024-09-06 12:07:52.6430374,00:00:00.0089751
2024-09-06 13:17:53.8836578,E:\Users\Administrator\AppData\Local\Microsoft\Internet Explorer\Recovery\High\Last Active\RecoveryStore.{78A815AF-6C49-11EF-BC6C-000C2904E63D}.dat,D:\challengeeeeee\E\Users\Administrator\AppData\Local\Microsoft\Internet Explorer\Recovery\High\Last Active\RecoveryStore.{78A815AF-6C49-11EF-BC6C-000C2904E63D}.dat,3584,2FDF8EA37B2342DC9EBB02B7079C90E600697012,False,2024-09-06 12:13:56.5448766,2024-09-06 12:13:56.5448766,2024-09-06 12:13:56.5448766,00:00:00.0030029
2024-09-06 13:17:53.9007808,E:\Users\Administrator\AppData\Local\Microsoft\Internet Explorer\Recovery\High\Last Active\{78A815B0-6C49-11EF-BC6C-000C2904E63D}.dat,D:\challengeeeeee\E\Users\Administrator\AppData\Local\Microsoft\Internet Explorer\Recovery\High\Last Active\{78A815B0-6C49-11EF-BC6C-000C2904E63D}.dat,5120,744C467AB3A1C8D2B5E060C8B7D13F9E475A075C,False,2024-09-06 12:13:56.5448766,2024-09-06 12:13:56.5448766,2024-09-06 12:13:56.5448766,00:00:00.0030407
2024-09-06 13:17:53.9307877,E:\Users\HP\AppData\Local\Microsoft\Internet Explorer\brndlog.bak,D:\challengeeeeee\E\Users\HP\AppData\Local\Microsoft\Internet Explorer\brndlog.bak,12190,3DC4BF128A062BEC6A1F202C85FB012845628153,False,2024-09-06 11:49:50.3040227,2024-09-06 11:49:49.6644216,2024-09-06 11:49:50.3040227,00:00:00.0168211
2024-09-06 13:17:53.9498798,E:\Users\HP\AppData\Local\Microsoft\Internet Explorer\brndlog.txt,D:\challengeeeeee\E\Users\HP\AppData\Local\Microsoft\Internet Explorer\brndlog.txt,12190,5E6A9F8D73D01156E157A1F5703311240078FB25,False,2024-09-06 11:49:49.4928213,2024-09-06 11:49:50.3976229,2024-09-06 11:49:49.4928213,00:00:00.0100107
2024-09-06 13:17:53.9747798,E:\Users\Administrator\AppData\Roaming\Microsoft\Internet Explorer\Quick Launch\desktop.ini,D:\challengeeeeee\E\Users\Administrator\AppData\Roaming\Microsoft\Internet Explorer\Quick Launch\desktop.ini,282,1527FB4FDEF0204649E58B29F9B571C9283756AF,False,2024-09-06 11:56:20.7259085,2024-09-06 12:13:39.2912463,2024-09-06 11:56:20.7259085,00:00:00.0019964
2024-09-06 13:17:53.9979167,E:\Users\Administrator\AppData\Roaming\Microsoft\Internet Explorer\Quick Launch\Launch Internet Explorer Browser.lnk,D:\challengeeeeee\E\Users\Administrator\AppData\Roaming\Microsoft\Internet Explorer\Quick Launch\Launch Internet Explorer Browser.lnk,1437,903FE41F0E685E26BE402D8CFF78AFBA5EE30262,False,2024-09-06 12:13:39.2912463,2024-09-06 12:13:39.2912463,2024-09-06 12:13:39.2912463,00:00:00.0029837
2024-09-06 13:17:54.0219336,E:\Users\Administrator\AppData\Roaming\Microsoft\Internet Explorer\Quick Launch\Server Manager.lnk,D:\challengeeeeee\E\Users\Administrator\AppData\Roaming\Microsoft\Internet Explorer\Quick Launch\Server Manager.lnk,1304,6980810DC2668FFF66921C50976430D93666AD70,False,2024-09-06 11:56:20.7259085,2009-07-14 04:58:28.2530367,2024-09-06 11:56:20.7259085,00:00:00.0040061
2024-09-06 13:17:54.0367539,E:\Users\Administrator\AppData\Roaming\Microsoft\Internet Explorer\Quick Launch\Shows Desktop.lnk,D:\challengeeeeee\E\Users\Administrator\AppData\Roaming\Microsoft\Internet Explorer\Quick Launch\Shows Desktop.lnk,290,DB556BC8DC2E60D0A5AEF1BFBA930A6FDCEB7CCA,False,2024-09-06 11:56:20.7259085,2009-07-14 04:53:47.1317070,2024-09-06 11:56:20.7259085,00:00:00.0029554
2024-09-06 13:17:54.0487214,E:\Users\Administrator\AppData\Roaming\Microsoft\Internet Explorer\Quick Launch\Window Switcher.lnk,D:\challengeeeeee\E\Users\Administrator\AppData\Roaming\Microsoft\Internet Explorer\Quick Launch\Window Switcher.lnk,272,F29803C16D3E11A196D62026279B72854C4D751F,False,2024-09-06 11:56:20.7259085,2009-07-14 04:53:47.1629070,2024-09-06 11:56:20.7259085,00:00:00.0029901
2024-09-06 13:17:54.0659140,E:\Users\Administrator\AppData\Roaming\Microsoft\Internet Explorer\Quick Launch\User Pinned\TaskBar\desktop.ini,D:\challengeeeeee\E\Users\Administrator\AppData\Roaming\Microsoft\Internet Explorer\Quick Launch\User Pinned\TaskBar\desktop.ini,147,8F579E29D478DE0D75C1B4887B3E88985FDDA579,False,2024-09-06 11:56:24.3763149,2024-09-06 11:56:24.4075149,2024-09-06 11:56:24.3763149,00:00:00.0039746
2024-09-06 13:17:54.0838946,E:\Users\Administrator\AppData\Roaming\Microsoft\Internet Explorer\Quick Launch\User Pinned\TaskBar\Server Manager.lnk,D:\challengeeeeee\E\Users\Administrator\AppData\Roaming\Microsoft\Internet Explorer\Quick Launch\User Pinned\TaskBar\Server Manager.lnk,1298,8E412ECA9738793C613D96FD83C022A5DD7F8EEB,False,2024-09-06 11:56:24.3763149,2009-07-14 04:58:28.2374367,2024-09-06 11:56:24.3763149,00:00:00.0028180
2024-09-06 13:17:54.1077988,E:\Users\Administrator\AppData\Roaming\Microsoft\Internet Explorer\Quick Launch\User Pinned\TaskBar\Windows Explorer.lnk,D:\challengeeeeee\E\Users\Administrator\AppData\Roaming\Microsoft\Internet Explorer\Quick Launch\User Pinned\TaskBar\Windows Explorer.lnk,1228,F8F956E8512CFCBFFE9A31B90288DB2285685119,False,2024-09-06 11:56:24.3919149,2009-07-14 04:53:46.9913067,2024-09-06 11:56:24.3919149,00:00:00.0030229
2024-09-06 13:17:54.1287437,E:\Users\Administrator\AppData\Roaming\Microsoft\Internet Explorer\Quick Launch\User Pinned\TaskBar\Windows PowerShell.lnk,D:\challengeeeeee\E\Users\Administrator\AppData\Roaming\Microsoft\Internet Explorer\Quick Launch\User Pinned\TaskBar\Windows PowerShell.lnk,1899,17BE9AACC98403E48BB26936E3D0B22DE4756C72,False,2024-09-06 11:56:24.3919149,2009-07-14 05:37:06.5449450,2024-09-06 11:56:24.3919149,00:00:00.0057090
2024-09-06 13:17:54.1427843,E:\Users\Default\AppData\Roaming\Microsoft\Internet Explorer\Quick Launch\desktop.ini,D:\challengeeeeee\E\Users\Default\AppData\Roaming\Microsoft\Internet Explorer\Quick Launch\desktop.ini,207,ABADD9DBCFE71B5DE58ED9FCC19D20249E1A8335,False,2009-07-14 04:53:46.8509065,2009-07-14 04:58:28.2530367,2009-07-14 04:53:46.8509065,00:00:00.0019783
2024-09-06 13:17:54.1746630,E:\Users\Administrator\AppData\Local\Microsoft\Windows\History\desktop.ini,D:\challengeeeeee\E\Users\Administrator\AppData\Local\Microsoft\Windows\History\desktop.ini,145,E10E8BEBBD0573E3A1494EA3F21682F7490C427B,False,2024-09-06 11:56:23.5339134,2024-09-06 11:56:23.5339134,2024-09-06 11:56:23.5339134,00:00:00.0019941
2024-09-06 13:17:54.1807501,E:\Users\Administrator\AppData\Local\Microsoft\Windows\History\History.IE5\index.dat,D:\challengeeeeee\E\Users\Administrator\AppData\Local\Microsoft\Windows\History\History.IE5\index.dat,32768,EF19A2EAD595C3BEE3F1200F309B4679E4B0B129,False,2024-09-06 11:56:23.5651135,2024-09-06 12:53:23.6720000,2024-09-06 11:56:23.5651135,00:00:00.0020978
2024-09-06 13:17:54.1867992,E:\Users\Administrator\AppData\Local\Microsoft\Windows\History\History.IE5\MSHist012024090620240907\index.dat,D:\challengeeeeee\E\Users\Administrator\AppData\Local\Microsoft\Windows\History\History.IE5\MSHist012024090620240907\index.dat,32768,9CAB14B97D56E030D05B36ABA04144037A11A7C3,False,2024-09-06 12:13:31.2572321,2024-09-06 12:48:45.0870000,2024-09-06 12:13:31.2572321,00:00:00.0030566
2024-09-06 13:17:54.2008766,E:\Users\HP\AppData\Local\Microsoft\Windows\History\History.IE5\index.dat,D:\challengeeeeee\E\Users\HP\AppData\Local\Microsoft\Windows\History\History.IE5\index.dat,32768,F1AD177D39636C8FEF73EA236209DAF7EEE76847,False,2024-09-06 11:49:49.3680211,2024-09-06 11:53:29.3280000,2024-09-06 11:49:49.3680211,00:00:00.0030058
2024-09-06 13:17:54.2128099,E:\System Volume Information\Syscache.hve,D:\challengeeeeee\E\System Volume Information\Syscache.hve,262144,B3AC11934B3D01566D4860D8AFEEFDDE1020A9E0,True,2024-09-06 21:47:06.6284476,2024-09-06 12:31:39.0095153,2024-09-06 12:31:39.0095153,00:00:00.0019962
2024-09-06 13:17:54.2211713,E:\System Volume Information\Syscache.hve.LOG1,D:\challengeeeeee\E\System Volume Information\Syscache.hve.LOG1,74752,9C389BDCCB3FB895CB13E062379EACF93B9D7592,True,2024-09-06 21:47:06.6284476,2024-09-06 12:31:38.9783153,2024-09-06 21:47:06.6284476,00:00:00
2024-09-06 13:17:55.5809919,E:\$MFT,D:\challengeeeeee\E\$MFT,60030976,EB8AC4FAB7861362A717C9B792A93559690C8E64,True,2024-09-06 22:44:22.1876855,2024-09-06 22:44:22.1876855,2024-09-06 22:44:22.1876855,00:00:00.4969562
2024-09-06 13:17:57.1518050,E:\$LogFile,D:\challengeeeeee\E\$LogFile,67108864,728C0B47D8BFB499ACE5C2F2ECC8FDAD19629C18,True,1601-01-01 00:00:00.0000000,1601-01-01 00:00:00.0000000,1601-01-01 00:00:00.0000000,00:00:00.5522555
2024-09-06 13:17:57.2282867,E:\$Extend\$UsnJrnl:$J,D:\challengeeeeee\E\$Extend\$J,21283312,24827AD0E4751D2E9BF506957827FF402278CC06,True,2024-09-06 21:47:05.5676457,2024-09-06 21:47:05.5676457,2024-09-06 21:47:05.5676457,00:00:00.0111651
2024-09-06 13:17:57.2312625,E:\$Extend\$UsnJrnl:$Max,D:\challengeeeeee\E\$Extend\$Max,32,1F0A954A5C6FE8F9741D58A42FEE0BCA9C9563C8,True,2024-09-06 21:47:05.5676457,2024-09-06 21:47:05.5676457,2024-09-06 21:47:05.5676457,00:00:00.0009975
2024-09-06 13:17:57.2472206,E:\$Secure:$SDS,D:\challengeeeeee\E\$Secure_$SDS,380224,2A079D51C02B1178DAFDFE17A6E46C042E605B39,True,2024-09-06 22:44:22.1876855,2024-09-06 22:44:22.1876855,2024-09-06 22:44:22.1876855,00:00:00.0039936
2024-09-06 13:17:57.2502131,E:\$Boot,D:\challengeeeeee\E\$Boot,8192,5E0D8D2DEFDD13B12F98C3A23F88C45F5DB7A113,True,1601-01-01 00:00:00.0000000,1601-01-01 00:00:00.0000000,1601-01-01 00:00:00.0000000,00:00:00
2024-09-06 13:17:57.2799083,E:\$Extend\$RmMetadata\$TxfLog\$Tops:$T,D:\challengeeeeee\E\$Extend\$RmMetadata\$TxfLog\$T,1048576,3B71F43FF30F4B15B5CD85DD9E95EBC7E84EB5A3,True,2024-09-06 22:44:23.5448879,2024-09-06 22:44:23.5448879,2024-09-06 22:44:23.5448879,00:00:00.0059830
